nome,idade,telefone
Lynette Kmiec,15,(189) 8473775
Osborne Kerslake,15,(949) 2120795
Emelina Thebe,16,(470) 8369804
Chiquia Klausewitz,11,(469) 1621936
Kamillah Villaret,10,(831) 6921609
Kori Pencost,16,(728) 3121639
Devora Caistor,15,(627) 6796099
Menard Ralls,12,(512) 5879353
Karil Biddlecombe,14,(725) 9134890
Hugo Crotch,14,(186) 5977290
Flora Emblin,14,(639) 9126754
Gae Banfill,10,(367) 9127492
Kelsi Oglesbee,15,(789) 2032230
Felicia Chicchelli,13,(551) 9194492
Enrica Gerrens,15,(727) 5531017
Rube Perview,10,(631) 7821520
Loren Danihelka,13,(100) 8912383
Torr Elcom,15,(784) 5049869
Jillane Harome,13,(845) 8406221
Prescott Hancock,14,(663) 6933704
Tadio Wadge,16,(591) 8227027
Yale Mattheeuw,14,(990) 6094115
Timmy Vanyakin,16,(615) 6247551
Thornie Pimlock,10,(730) 1112276
Burl Heck,16,(284) 8031468
Peggi Darragon,11,(319) 2095560
Papagena Agastina,13,(362) 3570468
Zorina Pierrepoint,10,(900) 8520227
Sullivan Cornall,16,(490) 9802670
Aron Ulster,15,(110) 4770179
Angele Stachini,16,(195) 5034363
Joycelin Calver,15,(983) 2301788
Estelle Tiernan,10,(442) 2703682
Angelique Sleightholm,16,(803) 2648299
Gerald Tremathack,12,(234) 9978777
Antonio Malloy,11,(622) 1234972
Ginelle Fihelly,12,(682) 6609828
Trefor Chevis,10,(824) 3769267
Tymothy Chartres,14,(413) 6600309
Eryn Bridgewater,12,(691) 8536733
Lombard Enden,14,(604) 4791024
Wynnie Mingay,10,(121) 4625005
Carlie Arundell,14,(354) 8430682
Ruby Tiffin,16,(409) 2824087
Emmaline Dusting,14,(869) 6485064
Queenie Kanzler,15,(303) 9521204
Chaddy Pitkethly,13,(552) 6682646
Willetta Mowett,16,(961) 8070760
Agathe Dunthorn,13,(214) 1053353
Stephanie Woodroofe,13,(254) 4787902
Maryanna Bartram,12,(838) 5792887
Ashely Morant,12,(302) 2969435
Simmonds Rosita,11,(876) 2808252
Gwendolyn Pipe,12,(531) 2837289
Elka Bawles,14,(791) 3287641
Dulciana Dumbrall,11,(338) 7166974
Darcee Harrie,11,(782) 4973537
Sauveur Cobb,13,(365) 4760863
Bryan Gillet,13,(224) 9314589
Cele Torres,12,(568) 1466771
Reyna Scroggie,14,(750) 5418477
Korrie Storror,15,(916) 3268826
Delbert Sacher,16,(771) 5917646
Vivi McArd,11,(915) 7207651
Coleen Croasdale,10,(917) 8495542
Margette Christaeas,16,(545) 7977647
Shelba Yurkiewicz,15,(191) 9680241
Averill Talby,16,(434) 8345313
Gillian Butter,14,(963) 3211354
Heidi Stowgill,14,(446) 9837891
Ulrick Connichie,10,(924) 3852625
Jayme Mebs,13,(652) 9829940
Morgan Cassedy,10,(574) 7571951
Janette Cornforth,10,(237) 9308567
Sebastian Swadlinge,10,(489) 1530113
Craggy Livens,16,(273) 6265232
Marietta Deble,14,(749) 4083461
Helyn Skittle,16,(649) 6271381
Conroy Schaffler,12,(293) 8989587
Katrina Matthesius,15,(929) 2913803
Selena Bowkley,14,(496) 4377937
Hally Pellatt,13,(168) 9994783
Brigit Clemont,11,(810) 4811524
Andreana Gomme,12,(678) 9237754
Pryce Brabbins,16,(465) 8455117
Lona Paulson,11,(312) 7975422
Sheilah Ionesco,15,(957) 3018404
Colin Atkin,16,(380) 1883403
Errick Pasek,14,(730) 3239145
Hastie Abbyss,14,(292) 5783012
Traci Gurley,12,(807) 9265481
Loydie Stollman,11,(244) 9810687
Lanie Chapelle,16,(808) 1182088
Alvinia Moogan,14,(281) 4489324
Jessika Piercey,12,(796) 5073342
Edi McMenemy,11,(979) 9743219
Cookie Stonbridge,10,(660) 4835961
Wallace MacInerney,14,(204) 1927855
Dani Bosenworth,12,(107) 8119813
Roxi Gillicuddy,10,(864) 9554999
